"MagicNumber","TemplateId","Id","CreatedDate","CreatedBy"
"168823084","122","e85074cd-2757-46c6-80c5-054146216de6","26-07-2025 06:10:13","vikash.singh@kimbal.io"
"240126234","128","2ee56c11-265b-46ee-9765-0674a8702a96","21-08-2025 08:19:00","gaurav@kimbal.io"
"51972360","97","83ceb649-7edd-4ecf-aa3a-0778451888b2","15-04-2025 13:01:42","atul.raj@kimbal.io"
"337250579","92","5a7fcf82-3c14-402d-b9d0-0784f637e5e6","08-04-2025 13:21:37","gaurav@kimbal.io"
"408947025","167","1e3aa1fe-c55d-4a5f-b162-0b589b5b4b98","26-12-2025 12:10:30","gaurav@kimbal.io"
"85526785","33","b03d15f0-ec88-4c2d-a064-0dc834a0b1ee","11-03-2025 10:06:50","hes_system@kimbal.io"
"18417922","93","7e2133a0-f875-4b92-bc1f-121bee70f09b","14-04-2025 13:10:54","gaurav@kimbal.io"
"240781594","128","0fa62965-b296-4834-a437-122861523de3","13-08-2025 07:15:34","gaurav@kimbal.io"
"219220276","131","e6d9f58a-2cd7-4a98-9a45-184c1b5976ef","18-08-2025 07:44:32","gaurav@kimbal.io"
"202443024","43","1e6240ea-5635-4991-966e-186879456202","13-05-2026 06:11:11","gaurav@kimbal.io"
"209717552","128","9e3eca68-75d9-4a56-8852-1874c201f111","13-08-2025 09:45:52","gaurav@kimbal.io"
"219154743","130","d6076eef-cf04-436f-a80f-1eca1190a923","20-04-2026 06:19:53","gaurav@kimbal.io"
"386926857","40","32785ba7-082c-4886-9b27-1fdcbcffc394","15-04-2025 12:58:12","atul.raj@kimbal.io"
"202377488","127","b18acb0d-70be-44f3-93ee-22cb5465e44e","19-08-2025 06:58:53","gaurav@kimbal.io"
"240781596","119","0dce9155-4a9e-46e6-b1d6-29a9d2d26035","24-07-2025 10:25:45","gaurav@kimbal.io"
"219154740","105","18c42998-5f79-4366-a2f9-2b036fa6e228","04-06-2025 12:55:27","gaurav@kimbal.io"
"168823072","99","d597a248-de6c-48df-b980-2bab644bfd7f","16-04-2025 14:22:32","gaurav@kimbal.io"
"386992438","179","31c03b58-c309-4884-9628-2d7b3b55de1a","07-03-2026 13:54:01","gaurav@kimbal.io"
"90245427","175","917440b7-4390-478f-ba16-2da00f03c9de","27-02-2026 19:19:09","vikash.singh@kimbal.io"
"345639175","66","8ed208cf-67b4-44c9-a037-2f1013664e62","11-03-2025 10:06:50","hes_system@kimbal.io"
"50956820","34","5ed3a437-8e12-456c-bef7-3c3d70b6139f","11-03-2025 10:06:50","hes_system@kimbal.io"
"235997470","127","fd8043cf-034d-4348-8cc3-43b8d3364c93","11-08-2025 12:47:55","vikash.singh@kimbal.io"
"260049178","128","11560bc4-817e-45fa-864d-447dccbadb7e","22-08-2025 13:26:01","gaurav@kimbal.io"
"240781591","133","b0653959-1995-44e3-936c-4db06ebecc4d","21-08-2025 08:47:20","gaurav@kimbal.io"
"240126231","49","1e99928f-9727-4120-8aeb-4f276d1dff1f","17-06-2026 12:28:03","gaurav@kimbal.io"
"256903451","119","2ba9ba4c-d3f2-44ca-81d3-5051f2de44b6","14-08-2025 19:23:12","gaurav@kimbal.io"
"370215188","137","d9fc2b85-44a0-4692-b5bd-51927792c3b0","01-09-2025 10:52:17","gaurav@kimbal.io"
"5835014","105","1d48281b-ca8f-4606-bd52-56f5d4603e8d","15-08-2025 17:00:22","gaurav@kimbal.io"
"210372882","87","7b9c4eca-0a69-439e-a963-57e6f571655a","13-03-2025 18:32:00","akshita.gupta@kimbal.io"
"86575361","33","32fa59eb-6d1b-4636-8678-5c951dcc1fbb","11-03-2025 10:06:50","hes_system@kimbal.io"
"5835009","106","81ce58ed-811c-4ed1-a89a-5d7aaf11edd2","15-08-2025 17:06:18","gaurav@kimbal.io"
"209717551","133","25d524e0-ea8e-4c31-a0e6-5decf1184011","19-08-2025 01:40:13","gaurav@kimbal.io"
"185600291","101","bbf48dd5-98a2-4b9c-bb44-628b9dd0209a","30-04-2025 07:49:09","gaurav@kimbal.io"
"203032848","134","f4858e17-e1b7-4425-ad7d-628c8e404957","26-08-2025 11:21:48","gaurav@kimbal.io"
"358222097","86","51de14bf-ddd2-4574-85c9-656786c58c34","11-03-2025 10:06:50","hes_system@kimbal.io"
"56166671","77","e0f5ed05-0f02-42a9-b214-66678c0ddbc8","11-03-2025 10:06:50","hes_system@kimbal.io"
"571476295","127","aacfa6d9-439f-4507-9646-6837438b2a3d","17-09-2025 13:23:46","gaurav@kimbal.io"
"211945767","148","1095dbb5-3709-4b8f-9b0b-6a10aa888553","19-09-2025 11:32:29","gaurav@kimbal.io"
"206571824","128","ad00d83b-0d73-4743-983d-6a3e37d46c42","19-08-2025 12:11:03","tarun@kimbal.io"
"253364501","110","f44d6a17-bd84-4428-a1d5-6bce296da818","02-06-2025 15:48:50","gaurav@kimbal.io"
"260049179","119","66d559f9-ced9-45d5-9411-70cd98c7f7f2","22-08-2025 13:25:01","gaurav@kimbal.io"
"85526790","32","01e9bd2e-a4d9-4599-9c37-7315249adcbf","11-03-2025 10:06:50","hes_system@kimbal.io"
"1640718","93","cb050f57-6cba-4be4-bd10-77b79259b686","07-04-2025 10:36:35","peeyush.mishra@kimbal.io"
"260704536","133","c7dd8572-8a37-4e81-8a50-790cdb6e16a5","22-08-2025 12:32:19","gaurav@kimbal.io"
"319883549","162","8217e844-4267-4390-8782-79f66461e0c4","23-11-2025 17:59:39","vikash.singh@kimbal.io"
"487590185","101","ee522313-054c-40b0-91f2-83efc32b18e3","08-08-2025 13:21:27","gaurav@kimbal.io"
"168823073","100","14881518-2ef6-4856-9b46-8536e2a35eff","16-04-2025 14:22:56","gaurav@kimbal.io"
"211880231","147","6434eac3-b8f3-48b1-9658-88cf405915ce","19-09-2025 12:08:17","gaurav@kimbal.io"
"336005419","152","0d599056-e513-4c97-b97d-8a50fe676c54","26-09-2025 07:53:22","gaurav@kimbal.io"
"252709151","134","d64f7e12-b170-4c3d-b2b1-8a78b9dc83ea","22-08-2025 07:33:57","gaurav@kimbal.io"
"202508560","44","0b6b0210-0c2c-442e-ab75-8dc97a0b6eb2","13-05-2026 10:28:32","gaurav@kimbal.io"
"85526786","33","4cea9dad-bb28-453e-880d-94c83131737c","11-03-2025 10:06:50","hes_system@kimbal.io"
"206571823","133","3830ce40-861e-483b-a580-94c948179576","19-08-2025 12:09:36","tarun@kimbal.io"
"387582217","40","122117ed-1409-4c43-8ef8-96c6109c10fb","11-03-2025 10:06:50","hes_system@kimbal.io"
"53020936","97","97d9a1fc-8306-4f90-a54e-96d9760fd4b8","15-04-2025 13:01:19","atul.raj@kimbal.io"
"240781595","119","b3482fec-6621-4e53-9b91-98b387016bb4","13-08-2025 07:16:38","gaurav@kimbal.io"
"168888614","45","a96aed36-8755-414f-9a4d-98c629591d5a","16-07-2026 14:17:22","gaurav@kimbal.io"
"85526839","106","fc3cebba-7ade-44e1-be9b-9e5e8cac2c13","04-06-2025 12:54:47","gaurav@kimbal.io"
"219220278","129","b9bdb13b-1bcc-4f0d-bf35-9e7e29d45444","14-08-2025 11:56:59","gaurav@kimbal.io"
"303040855","182","aed8ede4-5276-4069-b3be-a00ba8adf708","31-03-2026 09:53:51","peeyush.mishra@kimbal.io"
"319818013","117","e747864b-5570-4d0b-9867-a0a95ec456a1","06-08-2025 15:49:55","vikash.singh@kimbal.io"
"243927319","133","5fd43887-b153-46e8-8d9c-a15b8b8648b2","22-08-2025 12:29:41","gaurav@kimbal.io"
"1050960","157","7a005137-47d9-43ce-be62-a386dd84cb2b","12-12-2025 06:02:27","vikash.singh@kimbal.io"
"85526840","105","f0002e38-d54a-4baa-baaa-a47a1bee5d99","17-06-2025 12:10:22","gaurav@kimbal.io"
"387123465","179","2f1980f0-bd60-4b84-a493-a75d14ed2be0","07-03-2026 13:53:36","gaurav@kimbal.io"
"243271963","119","2f92065b-4835-40be-b85a-a852c83f06ed","22-08-2025 13:24:21","gaurav@kimbal.io"
"257558808","133","03bf04d3-fac5-4fcf-b9d6-a8b27c8360e6","22-08-2025 07:24:59","gaurav@kimbal.io"
"1116430","93","3e617cf9-be56-41d4-b269-a957c8d3a752","30-04-2025 06:19:06","gaurav@kimbal.io"
"85002502","105","6d237553-1d95-40a1-a92c-a99a989d9174","09-12-2025 06:31:06","gaurav@kimbal.io"
"243271962","128","9a165102-0f5b-422f-9cc6-a9da5269e84c","22-08-2025 13:26:59","gaurav@kimbal.io"
"209717553","119","16344ecb-8a74-4bf8-ac3c-aa16673b482c","06-08-2025 08:11:07","gaurav@kimbal.io"
"206571825","119","52e1ff17-6dc2-4a97-be45-ae456aaa55fe","19-08-2025 12:02:30","gaurav@kimbal.io"
"18483458","33","183ea21b-9d86-45ce-bb73-af73fdace772","11-03-2025 10:06:50","hes_system@kimbal.io"
"219285814","129","f4ef844d-1c68-42a1-978d-b0aa9f1bd1a8","09-10-2025 07:51:53","gaurav@kimbal.io"
"85002497","106","cbee7127-81cf-4b6a-8fa1-b6482e7d764b","09-12-2025 06:30:40","gaurav@kimbal.io"
"336726291","137","aeb6453d-aa25-43e2-9b0d-b65a9942b289","01-10-2025 07:15:15","gaurav@kimbal.io"
"17893634","93","a696978b-4371-4e8b-8b05-b89fca53539d","08-07-2026 14:27:21","gaurav@kimbal.io"
"118069780","34","f32f43eb-68dc-4907-a869-b8ae6a81a405","11-03-2025 10:06:50","hes_system@kimbal.io"
"219220281","46","810b1d38-04d7-4a4a-a350-b9c68fd8b076","30-07-2026 12:39:17","gaurav@kimbal.io"
"185665827","135","b28d2c14-50ac-41da-938d-be86d2d750d0","22-08-2025 12:23:57","gaurav@kimbal.io"
"370149652","92","d00cd198-8769-4bd9-aabd-becd43c3b8d8","25-08-2025 13:13:47","gaurav@kimbal.io"
"1640717","32","f1667feb-d694-488c-8a40-bfc20ab12a9b","11-03-2025 10:06:50","hes_system@kimbal.io"
"86575362","33","154b1a77-7970-4efe-9d97-c25ff62bad1d","11-03-2025 10:06:50","hes_system@kimbal.io"
"240257303","51","5bc43d49-3ea9-46ab-8ee8-c55bdcde9fd6","17-06-2026 12:27:26","gaurav@kimbal.io"
"1050946","93","e4f261a2-232f-4124-919d-c869e7d062dc","04-07-2025 09:13:44","gaurav@kimbal.io"
"890243411","171","24899412-a7a6-4880-943e-c9a44955f55e","03-06-2026 08:20:12","gaurav@kimbal.io"
"219285812","131","bcdb3991-ad9b-455c-9a5a-c9b3bcfa8c2e","09-10-2025 07:51:38","gaurav@kimbal.io"
"387189001","115","26240f2e-36f8-4aac-85dd-cbf7e57aab74","07-03-2026 13:54:21","gaurav@kimbal.io"
"420481362","167","a555a146-9a4d-4685-bf54-cd99efd9b9eb","27-12-2025 09:43:52","vikash.singh@kimbal.io"
"240126235","119","36c720c0-27b9-4de8-bf3a-ce3b4af4c25c","14-08-2025 19:24:16","gaurav@kimbal.io"
"89262404","176","e4b0a65e-7a4d-408d-83fa-d3688b7d0fa1","27-02-2026 19:18:40","vikash.singh@kimbal.io"
"252774687","127","afe3f6cf-f1db-4faf-9ba4-d83104e13d23","14-08-2025 13:17:42","gaurav@kimbal.io"
"319949085","163","1dc83f82-675c-409a-b15c-d8f83189a5e1","23-11-2025 17:52:31","vikash.singh@kimbal.io"
"85526796","77","abd7ecfd-a0a9-4732-bdf9-da4e73717798","11-03-2025 10:06:50","hes_system@kimbal.io"
"235931934","134","09129c21-9cec-4042-b165-dc8873378202","21-08-2025 12:39:38","gaurav@kimbal.io"
"370805012","92","1a961cc5-6837-48fb-9c3f-ddfca54e65b0","08-04-2025 10:47:14","gaurav@kimbal.io"
"386926902","115","b877ca53-37d3-4ec7-a27e-de2d7adf5397","27-02-2026 11:00:29","gaurav@kimbal.io"
"90245416","141","8a26fc6f-a8f0-4b49-ab2a-dfb716b64262","08-09-2025 07:54:23","gaurav@kimbal.io"
"185600304","112","b1229dc3-3d24-4885-a576-e10f22905d86","04-07-2025 13:24:06","vikash.singh@kimbal.io"
"85526849","106","790018eb-7426-45f3-bbde-e3225fd47dc5","09-07-2025 09:06:44","gaurav@kimbal.io"
"236587269","110","d7b616eb-2ab5-498d-ad5c-e3b9232887d5","02-06-2025 14:45:59","gaurav@kimbal.io"
"22022459","100","126a5ebd-2a18-4397-83ba-e498c7f7aa60","04-06-2025 12:41:32","gaurav@kimbal.io"
"336660755","92","6160e4e8-89c9-4ac6-8ac3-e669ebb4ac85","14-07-2025 13:43:42","gaurav@kimbal.io"
"386992393","40","a966871f-2be2-4719-9c3f-e77e5afb6108","08-04-2026 19:35:14","atul.raj@kimbal.io"
"90179880","177","c742673c-e18f-4109-a69e-e7bb40d6e154","27-02-2026 19:17:48","vikash.singh@kimbal.io"
"240191767","50","9170336b-4573-4767-a444-f0e85ac4c8e6","17-06-2026 12:27:52","gaurav@kimbal.io"
"219285815","130","bff02c84-bcf7-4bbe-9228-f34772d72ef9","22-05-2026 09:03:32","gaurav@kimbal.io"
"174131498","156","c2e865ae-15e5-4ad2-9e75-f6fa20bb6765","16-10-2025 11:00:02","gaurav@kimbal.io"
"211814695","145","04febb31-e957-467c-b4cc-f8ab53425467","19-09-2025 10:20:15","gaurav@kimbal.io"
"256903450","128","accdf3d0-bae8-451c-8ab6-f8af2a10b738","22-08-2025 10:28:55","gaurav@kimbal.io"
"571541831","127","355ff060-f187-44c1-a2da-fb0c45f361f5","17-09-2025 13:52:24","gaurav@kimbal.io"
