id,category,category_codes,mode,profile,status,evidence
D1-dlms-push-instant,D1,6,dlms-push,instant,diagnostic-rtc-failed-normal-route-unverified,"Latest HES PID 129983: raw 1bc1c689-4d78-4f26-b853-aefed91b4e0f. Persisted ID 40115507; encoded RTC 2026-09-13T15:26:40 with deviation 0, stored 2026-09-13T09:56:40 (330 minutes early)."
D1-dlms-push-block,D1,6,dlms-push,block,diagnostic-rtc-failed-normal-route-unverified,"Latest HES PID 129983: raw f7b09814-111d-4111-8e5b-04a9531494d8. Persisted ID 39593468; encoded RTC 2026-09-13T15:30:00 with deviation 0, stored 2026-09-13T10:00:00 (330 minutes early)."
D1-dlms-push-daily,D1,6,dlms-push,daily,diagnostic-validation-failed-normal-route-unverified,Latest HES PID 129983: raw 955574f8-2e4e-4ad3-b9ea-89b801641a86. Daily energy validation rejected import kWh 4684814.453 and import kVAh 4883597.167; no profile row. Physical wire capture subsequently established client-export scaling by1000. Local D1 master now uses three wire-value Daily rows with unchanged model; XML/pull/push numeric parity regression passes. HES retest pending active consumer.
D1-dlms-push-bill,D1,6,dlms-push,bill,unsupported-by-current-selected-XML,"Session advertises Instant, Block, Daily and ESW only."
D1-dlms-push-events,D1,6,dlms-push,events,unsupported-by-current-selected-XML,"Session advertises Instant, Block, Daily and ESW only."
D1-dlms-push-esw,D1,6,dlms-push,esw,diagnostic-rtc-failed-normal-route-unverified,"Latest HES PID 129983: raw df38b1a3-58c4-4e99-b848-16ef77ea2393. Persisted ID 3658978; encoded RTC 2026-09-13T15:26:40 with deviation 0, stored 2026-09-13T09:56:40 (330 minutes early)."
D1-dlms-push-getrtc,D1,6,dlms-push,getrtc,not-applicable,User clarified RTC push is custom Wirepas only; GetRTC pull remains required.
D1-custom-push-instant,D1,6,custom-push,instant,diagnostic-values-pass-normal-route-unverified,Latest HES PID 129983: exact raw bytes and all configured values match; persisted IDs 40051043. Custom encoder not deployed to MAYA; normal-topic routing unverified.
D1-custom-push-block,D1,6,custom-push,block,diagnostic-values-pass-normal-route-unverified,Latest HES PID 129983: exact raw bytes and all configured values match; persisted IDs 39563268. Custom encoder not deployed to MAYA; normal-topic routing unverified.
D1-custom-push-daily,D1,6,custom-push,daily,diagnostic-values-pass-normal-route-unverified,Latest HES PID 129983: exact raw bytes and all configured values match; persisted IDs 2117590. Custom encoder not deployed to MAYA; normal-topic routing unverified.
D1-custom-push-bill,D1,6,custom-push,bill,diagnostic-values-pass-normal-route-unverified,Latest HES PID 129983: exact raw bytes and all configured values match; persisted IDs 378981. Custom encoder not deployed to MAYA; normal-topic routing unverified.
D1-custom-push-events,D1,6,custom-push,events,diagnostic-values-pass-normal-route-unverified,"Latest HES PID 129983: exact raw bytes and all configured values match; persisted IDs 4285884, 4285882, 4285881, 4285883, 4285886, 4285887, 4285885. Custom encoder not deployed to MAYA; normal-topic routing unverified."
D1-custom-push-esw,D1,6,custom-push,esw,diagnostic-values-pass-normal-route-unverified,Latest HES PID 129983: exact raw bytes and all configured values match; persisted IDs 3639314. Custom encoder not deployed to MAYA; normal-topic routing unverified.
D1-custom-push-getrtc,D1,6,custom-push,getrtc,diagnostic-values-pass-normal-route-unverified,Latest HES PID 129983: exact raw bytes and all configured values match; persisted IDs 809187. Custom encoder not deployed to MAYA; normal-topic routing unverified.
D1-dlms-pull-instant,D1,6,dlms-pull,instant,live-protocol-pass-persistence-failed,"98932983/frame10004 completed one try19:32:22.667849UTC.14observedmessages, seven requests/seven responses, no duplicates while EQA was in authorized deployment backup. HES rejected energy values from existingSAtemplate; no Instant row. Corrected D1master is deployed but not selected for this batch."
D1-dlms-pull-block,D1,6,dlms-pull,block,local-only-not-HES-verified,Public DLMS exchange returned a nonempty response; no HES command lifecycle or persistence verified.
D1-dlms-pull-daily,D1,6,dlms-pull,daily,local-only-not-HES-verified,Public DLMS exchange returned a nonempty response; no HES command lifecycle or persistence verified.
D1-dlms-pull-bill,D1,6,dlms-pull,bill,local-master-success-live-pending,D1_Master imports 13 compatible Billing rows. Host-culture date parsing caused the prior error 3. Invariant UTC parsing passes en-IN/en-US/fr-FR and fresh bounded public DLMS Billing read. Not yet live HES proof for this master.
D1-dlms-pull-events,D1,6,dlms-pull,events,local-four-families-success-live-pending,"D1_Master contains 39 physical D1 event rows across voltage, power, transaction and other profiles. Fresh local DLMS reads pass for those four families. Current, non-rollover and control remain empty on physical source. Not live HES lifecycle proof."
D1-dlms-pull-esw,D1,6,dlms-pull,esw,local-only-not-HES-verified,Public DLMS exchange returned a nonempty response; no HES command lifecycle or persistence verified.
D1-dlms-pull-getrtc,D1,6,dlms-pull,getrtc,live-command-success-fraction-unverified,"Direct DB command 98932773, MY00400001: status 4, successful true, one try; completed 2026-09-13T17:41:14.290780Z, response 2026-09-13T17:41:13.255Z. Existing runtime; whole-second current time verified, fraction not packet-correlated. See d1-master.md."
D1-custom-pull-instant,D1,6,custom-pull,instant,live-command-and-persistence-verified,"Deployed MAYA d1-cd070faf answered custom GetInstantaneousProfile frame 10001. HES command 98932914 completed status4 on first try; persisted instantaneous row40991843 links hescommandid98932914, RTC2026-09-13T18:26:16, created18:26:17.160, voltage231.000. Full field parity remains to be audited."
D1-custom-pull-block,D1,6,custom-pull,block,not-run,"Current full source suite passes, including custom profile/RTC tests; no fresh end-to-end HES pull executed."
D1-custom-pull-daily,D1,6,custom-pull,daily,not-run,"Current full source suite passes, including custom profile/RTC tests; no fresh end-to-end HES pull executed."
D1-custom-pull-bill,D1,6,custom-pull,bill,not-run,"Current full source suite passes, including custom profile/RTC tests; no fresh end-to-end HES pull executed."
D1-custom-pull-events,D1,6,custom-pull,events,not-run,581-test full suite passes. Generated family IDs now explicitly configured per template; bytes and missing/invalid configuration tested. No HES command lifecycle or persistence verification.
D1-custom-pull-esw,D1,6,custom-pull,esw,live-read-and-persistence-pass,"HES GetESWF66 maps to ESW-1. Command98932984/frame10002 status4 one try, persistedESW3908521 RTC19:32:45UTC. All128bits match deployedPKG9ESW-1 and differ from filter. Isolated DRISHTI response before EQA RF recovery; other categories/legacyheaders unproven."
D1-custom-pull-getrtc,D1,6,custom-pull,getrtc,live-command-success,"Direct DB command 98932775, MY00100001: status 4, successful true, one try; completed 2026-09-13T17:41:36.987755Z, response 2026-09-13T17:41:36Z. Existing runtime; current-time result. See d1-master.md."
D2-dlms-push-instant,D2,7,dlms-push,instant,deferred-future-wave,Deferred to a future wave by user instruction. Prior evidence:
D2-dlms-push-block,D2,7,dlms-push,block,deferred-future-wave,Deferred to a future wave by user instruction. Prior evidence:
D2-dlms-push-daily,D2,7,dlms-push,daily,deferred-future-wave,Deferred to a future wave by user instruction. Prior evidence:
D2-dlms-push-bill,D2,7,dlms-push,bill,deferred-future-wave,Deferred to a future wave by user instruction. Prior evidence:
D2-dlms-push-events,D2,7,dlms-push,events,deferred-future-wave,Deferred to a future wave by user instruction. Prior evidence:
D2-dlms-push-esw,D2,7,dlms-push,esw,deferred-future-wave,Deferred to a future wave by user instruction. Prior evidence:
D2-dlms-push-getrtc,D2,7,dlms-push,getrtc,deferred-future-wave,Deferred to a future wave by user instruction. Prior evidence: User clarified RTC push is custom Wirepas only; GetRTC pull remains required.
D2-custom-push-instant,D2,7,custom-push,instant,deferred-future-wave,"Deferred to a future wave by user instruction. Prior evidence: Metadata encoder passes arbitrary 3P/CT fixture tests. User XMLs, HES mappings and category-specific runtime evidence still required; legacy custom headers unsupported by new encoder."
D2-custom-push-block,D2,7,custom-push,block,deferred-future-wave,"Deferred to a future wave by user instruction. Prior evidence: Metadata encoder passes arbitrary 3P/CT fixture tests. User XMLs, HES mappings and category-specific runtime evidence still required; legacy custom headers unsupported by new encoder."
D2-custom-push-daily,D2,7,custom-push,daily,deferred-future-wave,"Deferred to a future wave by user instruction. Prior evidence: Metadata encoder passes arbitrary 3P/CT fixture tests. User XMLs, HES mappings and category-specific runtime evidence still required; legacy custom headers unsupported by new encoder."
D2-custom-push-bill,D2,7,custom-push,bill,deferred-future-wave,"Deferred to a future wave by user instruction. Prior evidence: Metadata encoder passes arbitrary 3P/CT fixture tests. User XMLs, HES mappings and category-specific runtime evidence still required; legacy custom headers unsupported by new encoder."
D2-custom-push-events,D2,7,custom-push,events,deferred-future-wave,"Deferred to a future wave by user instruction. Prior evidence: Metadata encoder passes arbitrary 3P/CT fixture tests. User XMLs, HES mappings and category-specific runtime evidence still required; legacy custom headers unsupported by new encoder."
D2-custom-push-esw,D2,7,custom-push,esw,deferred-future-wave,"Deferred to a future wave by user instruction. Prior evidence: Metadata encoder passes arbitrary 3P/CT fixture tests. User XMLs, HES mappings and category-specific runtime evidence still required; legacy custom headers unsupported by new encoder."
D2-custom-push-getrtc,D2,7,custom-push,getrtc,deferred-future-wave,"Deferred to a future wave by user instruction. Prior evidence: Metadata encoder passes arbitrary 3P/CT fixture tests. User XMLs, HES mappings and category-specific runtime evidence still required; legacy custom headers unsupported by new encoder."
D2-dlms-pull-instant,D2,7,dlms-pull,instant,deferred-future-wave,Deferred to a future wave by user instruction. Prior evidence:
D2-dlms-pull-block,D2,7,dlms-pull,block,deferred-future-wave,Deferred to a future wave by user instruction. Prior evidence:
D2-dlms-pull-daily,D2,7,dlms-pull,daily,deferred-future-wave,Deferred to a future wave by user instruction. Prior evidence:
D2-dlms-pull-bill,D2,7,dlms-pull,bill,deferred-future-wave,Deferred to a future wave by user instruction. Prior evidence:
D2-dlms-pull-events,D2,7,dlms-pull,events,deferred-future-wave,Deferred to a future wave by user instruction. Prior evidence:
D2-dlms-pull-esw,D2,7,dlms-pull,esw,deferred-future-wave,Deferred to a future wave by user instruction. Prior evidence:
D2-dlms-pull-getrtc,D2,7,dlms-pull,getrtc,deferred-future-wave,Deferred to a future wave by user instruction. Prior evidence:
D2-custom-pull-instant,D2,7,custom-pull,instant,deferred-future-wave,Deferred to a future wave by user instruction. Prior evidence:
D2-custom-pull-block,D2,7,custom-pull,block,deferred-future-wave,Deferred to a future wave by user instruction. Prior evidence:
D2-custom-pull-daily,D2,7,custom-pull,daily,deferred-future-wave,Deferred to a future wave by user instruction. Prior evidence:
D2-custom-pull-bill,D2,7,custom-pull,bill,deferred-future-wave,Deferred to a future wave by user instruction. Prior evidence:
D2-custom-pull-events,D2,7,custom-pull,events,deferred-future-wave,Deferred to a future wave by user instruction. Prior evidence:
D2-custom-pull-esw,D2,7,custom-pull,esw,deferred-future-wave,Deferred to a future wave by user instruction. Prior evidence:
D2-custom-pull-getrtc,D2,7,custom-pull,getrtc,deferred-future-wave,Deferred to a future wave by user instruction. Prior evidence:
D3-dlms-push-instant,D3,8;10,dlms-push,instant,deferred-future-wave,Deferred to a future wave by user instruction. Prior evidence:
D3-dlms-push-block,D3,8;10,dlms-push,block,deferred-future-wave,Deferred to a future wave by user instruction. Prior evidence:
D3-dlms-push-daily,D3,8;10,dlms-push,daily,deferred-future-wave,Deferred to a future wave by user instruction. Prior evidence:
D3-dlms-push-bill,D3,8;10,dlms-push,bill,deferred-future-wave,Deferred to a future wave by user instruction. Prior evidence:
D3-dlms-push-events,D3,8;10,dlms-push,events,deferred-future-wave,Deferred to a future wave by user instruction. Prior evidence:
D3-dlms-push-esw,D3,8;10,dlms-push,esw,deferred-future-wave,Deferred to a future wave by user instruction. Prior evidence:
D3-dlms-push-getrtc,D3,8;10,dlms-push,getrtc,deferred-future-wave,Deferred to a future wave by user instruction. Prior evidence: User clarified RTC push is custom Wirepas only; GetRTC pull remains required.
D3-custom-push-instant,D3,8;10,custom-push,instant,deferred-future-wave,"Deferred to a future wave by user instruction. Prior evidence: Metadata encoder passes arbitrary 3P/CT fixture tests. User XMLs, HES mappings and category-specific runtime evidence still required; legacy custom headers unsupported by new encoder."
D3-custom-push-block,D3,8;10,custom-push,block,deferred-future-wave,"Deferred to a future wave by user instruction. Prior evidence: Metadata encoder passes arbitrary 3P/CT fixture tests. User XMLs, HES mappings and category-specific runtime evidence still required; legacy custom headers unsupported by new encoder."
D3-custom-push-daily,D3,8;10,custom-push,daily,deferred-future-wave,"Deferred to a future wave by user instruction. Prior evidence: Metadata encoder passes arbitrary 3P/CT fixture tests. User XMLs, HES mappings and category-specific runtime evidence still required; legacy custom headers unsupported by new encoder."
D3-custom-push-bill,D3,8;10,custom-push,bill,deferred-future-wave,"Deferred to a future wave by user instruction. Prior evidence: Metadata encoder passes arbitrary 3P/CT fixture tests. User XMLs, HES mappings and category-specific runtime evidence still required; legacy custom headers unsupported by new encoder."
D3-custom-push-events,D3,8;10,custom-push,events,deferred-future-wave,"Deferred to a future wave by user instruction. Prior evidence: Metadata encoder passes arbitrary 3P/CT fixture tests. User XMLs, HES mappings and category-specific runtime evidence still required; legacy custom headers unsupported by new encoder."
D3-custom-push-esw,D3,8;10,custom-push,esw,deferred-future-wave,"Deferred to a future wave by user instruction. Prior evidence: Metadata encoder passes arbitrary 3P/CT fixture tests. User XMLs, HES mappings and category-specific runtime evidence still required; legacy custom headers unsupported by new encoder."
D3-custom-push-getrtc,D3,8;10,custom-push,getrtc,deferred-future-wave,"Deferred to a future wave by user instruction. Prior evidence: Metadata encoder passes arbitrary 3P/CT fixture tests. User XMLs, HES mappings and category-specific runtime evidence still required; legacy custom headers unsupported by new encoder."
D3-dlms-pull-instant,D3,8;10,dlms-pull,instant,deferred-future-wave,Deferred to a future wave by user instruction. Prior evidence:
D3-dlms-pull-block,D3,8;10,dlms-pull,block,deferred-future-wave,Deferred to a future wave by user instruction. Prior evidence:
D3-dlms-pull-daily,D3,8;10,dlms-pull,daily,deferred-future-wave,Deferred to a future wave by user instruction. Prior evidence:
D3-dlms-pull-bill,D3,8;10,dlms-pull,bill,deferred-future-wave,Deferred to a future wave by user instruction. Prior evidence:
D3-dlms-pull-events,D3,8;10,dlms-pull,events,deferred-future-wave,Deferred to a future wave by user instruction. Prior evidence:
D3-dlms-pull-esw,D3,8;10,dlms-pull,esw,deferred-future-wave,Deferred to a future wave by user instruction. Prior evidence:
D3-dlms-pull-getrtc,D3,8;10,dlms-pull,getrtc,deferred-future-wave,Deferred to a future wave by user instruction. Prior evidence:
D3-custom-pull-instant,D3,8;10,custom-pull,instant,deferred-future-wave,Deferred to a future wave by user instruction. Prior evidence:
D3-custom-pull-block,D3,8;10,custom-pull,block,deferred-future-wave,Deferred to a future wave by user instruction. Prior evidence:
D3-custom-pull-daily,D3,8;10,custom-pull,daily,deferred-future-wave,Deferred to a future wave by user instruction. Prior evidence:
D3-custom-pull-bill,D3,8;10,custom-pull,bill,deferred-future-wave,Deferred to a future wave by user instruction. Prior evidence:
D3-custom-pull-events,D3,8;10,custom-pull,events,deferred-future-wave,Deferred to a future wave by user instruction. Prior evidence:
D3-custom-pull-esw,D3,8;10,custom-pull,esw,deferred-future-wave,Deferred to a future wave by user instruction. Prior evidence:
D3-custom-pull-getrtc,D3,8;10,custom-pull,getrtc,deferred-future-wave,Deferred to a future wave by user instruction. Prior evidence:
extra-custom-pull-grblockload,all,6;7;8;10,custom-pull,grblockload,not-run-end-to-end,Existing GapBlockCommandTests pass; per-category live response and persistence remain required.
extra-fakerouting,all,6;7;8;10,routing,fakerouting,partial-live-pass-D1-wirepas-and-direct4g,Normal-route keepalives advanced only lastcommunicatedon for nodes 1000100001 and 1000400001 at 15:47:22.516551 and 15:47:43.330267 UTC. Gateway/sink preserved; PUBACK/observer and sequential DB checks correlated. Other category/NIC and initialization cases remain open.
